ConsumerID,ConsumerName,MobileNumber,EmailID,Address,CropNeeded,QuantityNeeded,MaxPrice,DeliveryPreference
C001,Priya Sharma,9305622277,consumer1@gmail.com,"Hubli, Karnataka",Tomato,26 kg,26,Home delivery
C002,Manoj Gowda,9104771860,consumer2@gmail.com,"Bidar, Karnataka",Carrot,23 kg,47,Home delivery
C003,Manoj Gowda,9733311228,consumer3@gmail.com,"Hubli, Karnataka",Onion,16 kg,54,Home delivery
C004,Nandini,9895105464,consumer4@gmail.com,"Bidar, Karnataka",Onion,15 kg,54,Home delivery
C005,Nandini,9919450700,consumer5@gmail.com,"Belgaum, Karnataka",Onion,40 kg,55,Pickup
C006,Ramesh Kumar,9168670175,consumer6@gmail.com,"Mysore, Karnataka",Carrot,28 kg,21,Home delivery
C007,Divya,9116446768,consumer7@gmail.com,"Belgaum, Karnataka",Onion,30 kg,33,Pickup
C008,Raghavendra,9754986785,consumer8@gmail.com,"Bangalore, Karnataka",Potato,33 kg,25,Home delivery
C009,Ajay Singh,9763094978,consumer9@gmail.com,"Hubli, Karnataka",Onion,25 kg,51,Pickup
C010,Sita Rani,9833590114,consumer10@gmail.com,"Shimoga, Karnataka",Tomato,37 kg,36,Home delivery
C011,Ramesh Kumar,9399951273,consumer11@gmail.com,"Belgaum, Karnataka",Tomato,17 kg,31,Home delivery
C012,Manoj Gowda,9777293846,consumer12@gmail.com,"Bidar, Karnataka",Tomato,38 kg,53,Pickup
C013,Vikram Das,9965315734,consumer13@gmail.com,"Gulbarga, Karnataka",Lettuce,34 kg,54,Home delivery
C014,Suresh,9864207379,consumer14@gmail.com,"Mysore, Karnataka",Potato,12 kg,30,Home delivery
C015,Vikram Das,9870467597,consumer15@gmail.com,"Shimoga, Karnataka",Lettuce,35 kg,43,Pickup
C016,Raghavendra,9978798406,consumer16@gmail.com,"Gulbarga, Karnataka",Tomato,40 kg,60,Home delivery
C017,Raghavendra,9263594581,consumer17@gmail.com,"Bangalore, Karnataka",Potato,38 kg,29,Pickup
C018,Geetha R,9273629708,consumer18@gmail.com,"Hubli, Karnataka",Lettuce,39 kg,45,Pickup
C019,Ashok,9956273436,consumer19@gmail.com,"Hubli, Karnataka",Carrot,38 kg,59,Home delivery
C020,Geetha R,9962986877,consumer20@gmail.com,"Shimoga, Karnataka",Onion,30 kg,59,Pickup
C021,Kiran Kumar,9176736970,consumer21@gmail.com,"Belgaum, Karnataka",Potato,11 kg,60,Home delivery
C022,Raghavendra,9955462873,consumer22@gmail.com,"Hubli, Karnataka",Potato,40 kg,60,Pickup
C023,Ramesh Kumar,9509252921,consumer23@gmail.com,"Hubli, Karnataka",Lettuce,15 kg,24,Home delivery
C024,Ashok,9693682580,consumer24@gmail.com,"Mangalore, Karnataka",Carrot,32 kg,23,Pickup
C025,Kiran Kumar,9675725743,consumer25@gmail.com,"Mangalore, Karnataka",Lettuce,17 kg,31,Pickup
C026,Lakshmi Devi,9105290581,consumer26@gmail.com,"Mysore, Karnataka",Onion,11 kg,23,Pickup
C027,Priya Sharma,9151526942,consumer27@gmail.com,"Mysore, Karnataka",Lettuce,22 kg,44,Pickup
C028,Vikram Das,9827587823,consumer28@gmail.com,"Belgaum, Karnataka",Tomato,12 kg,39,Pickup
C029,Sita Rani,9647361363,consumer29@gmail.com,"Gulbarga, Karnataka",Carrot,33 kg,29,Home delivery
C030,Kiran Kumar,9677085170,consumer30@gmail.com,"Shimoga, Karnataka",Tomato,15 kg,29,Pickup
C031,Divya,9894482191,consumer31@gmail.com,"Bidar, Karnataka",Lettuce,34 kg,22,Pickup
C032,Priya Sharma,9825548781,consumer32@gmail.com,"Mysore, Karnataka",Lettuce,11 kg,59,Home delivery
C033,Kiran Kumar,9971656945,consumer33@gmail.com,"Bangalore, Karnataka",Carrot,40 kg,58,Home delivery
C034,Ashok,9788212055,consumer34@gmail.com,"Gulbarga, Karnataka",Onion,10 kg,24,Pickup
C035,Priya Sharma,9643308698,consumer35@gmail.com,"Belgaum, Karnataka",Onion,25 kg,50,Home delivery
C036,Ananya Rao,9327168848,consumer36@gmail.com,"Hubli, Karnataka",Potato,33 kg,34,Home delivery
C037,Ashok,9162402206,consumer37@gmail.com,"Belgaum, Karnataka",Potato,13 kg,46,Pickup
C038,Divya,9347280729,consumer38@gmail.com,"Bidar, Karnataka",Lettuce,13 kg,58,Pickup
C039,Raghavendra,9925314535,consumer39@gmail.com,"Bidar, Karnataka",Carrot,17 kg,55,Home delivery
C040,Manoj Gowda,9637657194,consumer40@gmail.com,"Mysore, Karnataka",Tomato,11 kg,37,Home delivery
C041,Raghavendra,9150869364,consumer41@gmail.com,"Hubli, Karnataka",Onion,30 kg,55,Pickup
C042,Ramesh Kumar,9321670394,consumer42@gmail.com,"Mangalore, Karnataka",Lettuce,16 kg,55,Home delivery
C043,Divya,9132297279,consumer43@gmail.com,"Shimoga, Karnataka",Tomato,25 kg,53,Home delivery
C044,Raghavendra,9464427773,consumer44@gmail.com,"Hubli, Karnataka",Lettuce,16 kg,42,Home delivery
C045,Sita Rani,9808723077,consumer45@gmail.com,"Bangalore, Karnataka",Potato,11 kg,55,Pickup
C046,Manoj Gowda,9127629341,consumer46@gmail.com,"Gulbarga, Karnataka",Carrot,35 kg,21,Home delivery
C047,Priya Sharma,9944326919,consumer47@gmail.com,"Gulbarga, Karnataka",Lettuce,18 kg,41,Home delivery
C048,Kiran Kumar,9809520678,consumer48@gmail.com,"Shimoga, Karnataka",Lettuce,36 kg,26,Home delivery
C049,Ashok,9894970108,consumer49@gmail.com,"Mangalore, Karnataka",Carrot,19 kg,36,Home delivery
C050,Priya Sharma,9432251241,consumer50@gmail.com,"Gulbarga, Karnataka",Carrot,35 kg,42,Pickup
